Circle	Temperature	1st Quartile	3rd Quartile
1st	45.0	11.94486412243014	76.361591460865
2nd	120.0	71.25058366255801	177.92717670522978
3rd	200.0	157.2664373037985	287.7761880923772
4th	320.0	235.73776060627543	383.53732948509077
5th	500.0	402.2784667498397	526.7689530723234
6th	666.0	569.970851731381	749.6792315924199
7th	880.0	835.5890604710983	928.3607788656635
8th			
9th	-200.0	-259.50759751937795	-106.17407834234083
